{"cameraMode":{"drawMode":0,"name":"Shaded","section":"Shading Mode"},"sceneLighting":true,"audioPlay":false,"sceneViewState":{"showFog":true,"showMaterialUpdate":false,"showSkybox":false,"showFlares":true,"showImageEffects":true,"showParticleSystems":true},"in2DMode":false,"pivot":{"x":-0.0927174985408783,"y":0.04089974984526634,"z":0.11998157948255539},"rotation":{"x":0.37866082787513735,"y":0.09050361812114716,"z":-0.03757298365235329,"w":0.9204656481742859},"size":1.1532572507858277,"orthographic":false}