{"cameraMode":{"drawMode":0,"name":"Shaded","section":"Shading Mode"},"sceneLighting":true,"audioPlay":false,"sceneViewState":{"showFog":true,"showMaterialUpdate":false,"showSkybox":true,"showFlares":true,"showImageEffects":true,"showParticleSystems":true},"in2DMode":false,"pivot":{"x":-4.485901832580566,"y":-1.0278816223144532,"z":626.0794067382813},"rotation":{"x":-0.022586677223443986,"y":-0.9662731289863586,"z":0.23985552787780763,"w":-0.09099426865577698},"size":70.72061157226563,"orthographic":false}