{"cameraMode":{"drawMode":0,"name":"Shaded","section":"Shading Mode"},"sceneLighting":true,"audioPlay":false,"sceneViewState":{"showFog":true,"showMaterialUpdate":false,"showSkybox":false,"showFlares":true,"showImageEffects":true,"showParticleSystems":true},"in2DMode":false,"pivot":{"x":-1.1477487087249756,"y":-0.20299981534481049,"z":-0.14359502494335175},"rotation":{"x":0.16760815680027009,"y":0.4935121238231659,"z":-0.09787627309560776,"w":0.8479488492012024},"size":0.20020747184753419,"orthographic":false}