{"cameraMode":{"drawMode":0,"name":"Shaded","section":"Shading Mode"},"sceneLighting":true,"audioPlay":false,"sceneViewState":{"showFog":true,"showMaterialUpdate":false,"showSkybox":true,"showFlares":true,"showImageEffects":true,"showParticleSystems":true},"in2DMode":false,"pivot":{"x":-6.1993536949157719,"y":8.347744941711426,"z":6.086822509765625},"rotation":{"x":-0.12597425282001496,"y":-0.0128101771697402,"z":0.0015439675189554692,"w":-0.9920200109481812},"size":58.05909729003906,"orthographic":false}