{"cameraMode":{"drawMode":0,"name":"Shaded","section":"Shading Mode"},"sceneLighting":true,"audioPlay":false,"sceneViewState":{"showFog":true,"showMaterialUpdate":false,"showSkybox":true,"showFlares":true,"showImageEffects":true,"showParticleSystems":true},"in2DMode":false,"pivot":{"x":-5.556608200073242,"y":2.1199111938476564,"z":-3.1601991653442385},"rotation":{"x":0.40671631693840029,"y":-0.07358673959970474,"z":0.03288917616009712,"w":0.9099931716918945},"size":15.338403701782227,"orthographic":false}