{"cameraMode":{"drawMode":0,"name":"Shaded","section":"Shading Mode"},"sceneLighting":true,"audioPlay":false,"sceneViewState":{"showFog":true,"showMaterialUpdate":false,"showSkybox":true,"showFlares":true,"showImageEffects":true,"showParticleSystems":true},"in2DMode":false,"pivot":{"x":194.46388244628907,"y":-39.10824203491211,"z":-11.749402046203614},"rotation":{"x":-0.061194710433483127,"y":-0.7096819281578064,"z":0.062119536101818088,"w":-0.6991078853607178},"size":271.9223937988281,"orthographic":false}